clone_materializer_reference_count,descriptor_count,descriptor_preview_count,descriptor_preview_truncated_count,function_end_va,function_start_va,sample_descriptors,sample_rtti_names,sample_setup_refs,setup_reference_count
41,41,8,33,0x1400e4de4,0x1400e3af0,0x140b66e48;0x140b66ed8;0x140b66f08;0x140b66f38;0x140b66f68;0x140b66f98;0x140b66fc8;0x140b66ff8,.?AV<lambda_99a14b2bdc82016f435aa619a0dae23a>@@;.?AV<lambda_ae6171683bea6acba75594639196b14e>@@;.?AV<lambda_f49ecc56f3e2de696f58237d6cad8db3>@@;.?AV<lambda_06b1a29f5cdc9df0d14681e1c25581fa>@@;.?AV<lambda_67fed24df1fe876b6ff3f7a039ec304d>@@;.?AV<lambda_ae1bf84d2275fb4ef3cd80374c0b31d0>@@;.?AV<lambda_3eba6a75a6d0befbcc9b9a917270092e>@@;.?AV<lambda_6fa8ead210d3a0ab61f5cc001ad7ed1c>@@,0x1400e4d73;0x1400e4c74;0x1400e4c1f;0x1400e4d1e;0x1400e4cc9;0x1400e47b0;0x1400e475b;0x1400e4bca,41
37,37,8,29,0x1400fbbb5,0x1400fafa0,0x140b65798;0x140b657c8;0x140b65858;0x140b65888;0x140b658b8;0x140b658e8;0x140b65918;0x140b65948,.?AV<lambda_607cfeec38af3074a3ce24f438d1c9d2>@@;.?AV<lambda_76add4c90b3d45a922977ffcd91aa791>@@;.?AV<lambda_a1dc5cbba44ba6549ee8c95acf8fdee3>@@;.?AV<lambda_6ad5fe6ebda80381a5643373f9aafe98>@@;.?AV<lambda_6e26fefe75f9ce652d5b927b579f09b2>@@;.?AV<lambda_e4fa9fae47db51f926db7159a6b44157>@@;.?AV<lambda_3c541f4c2e2559fe3557b5ea2d31c1d2>@@;.?AV<lambda_b9d23dc783eea0b738befe2d4383d46c>@@,0x1400fbb48;0x1400fbaf3;0x1400fb9f4;0x1400fb99f;0x1400fba9e;0x1400fba49;0x1400fb8a0;0x1400fb84b,37
29,29,8,21,0x1400ea019,0x1400e95a0,0x140b64fe8;0x140b65258;0x140b65288;0x140b652b8;0x140b652e8;0x140b65378;0x140b653a8;0x140b656d8,.?AV<lambda_2f32a0bd07780c45833ee93273f9cf33>@@;.?AV<lambda_24ff617a7c0e810ff02e9a1254475d52>@@;.?AV<lambda_b6df68fbef1b1ee33d41daecbbbce387>@@;.?AV<lambda_1e3dc8b36f73bf554d9eb39a6e9b4d3c>@@;.?AV<lambda_d3d6638335223e53bc548e9cff68eb44>@@;.?AV<lambda_33cd3db869a6ff024b2859f686ac1c01>@@;.?AV<lambda_98e7f189c6025cf7c4882e8d5d01b9ad>@@,0x1400e9e6f;0x1400e9d61;0x1400e9d0c;0x1400e9e0b;0x1400e9db6;0x1400e9cb7;0x1400e9c62;0x1400e9bef,29
21,21,8,13,0x140112228,0x140111580,0x140b67c98;0x140b67cc8;0x140b67cf8;0x140b67d28;0x140b67d58;0x140b67d88;0x140b67db8;0x140b67de8,.?AV<lambda_92d27ce699569389cbb36d3e7b448804>@@;.?AV<lambda_61c1b27f7c60969b75e14a9ceffd806c>@@;.?AV<lambda_c45c4f95dfc2c3f406fbc6106ef493a3>@@;.?AV<lambda_caee7bf178daab05653340b5264a6a4f>@@;.?AV<lambda_30e0793cadcf18f0dfd9f446efca8224>@@;.?AV<lambda_3854defcca0153f03014c6c67f24f12d>@@;.?AV<lambda_59fd7d16c0ac8608b16c6bdb791bffa1>@@;.?AV<lambda_37cd5d4efea47dca9c00311b75aedb03>@@,0x140112005;0x1401120b2;0x14011215f;0x140111da9;0x140111e56;0x140111eab;0x140111f58;0x140111af5,21
18,18,8,10,0x140110656,0x140110090,0x140b680e8;0x140b68118;0x140b68148;0x140b681a8;0x140b681d8;0x140b68208;0x140b68238;0x140b68268,.?AV<lambda_e12526ac0ef388e6bfbf59524561fb41>@@;.?AV<lambda_f5282d0c4bb061afd51d03c197aea534>@@;.?AV<lambda_27fd78a75aab8980aaefc8a31e2cc7bb>@@;.?AV<lambda_061e2b3b81aa17b72cf37ec299f3c897>@@;.?AV<lambda_6cf6c3d4d4c581c736c6eccbba8dc24e>@@;.?AV<lambda_9cef1e4f2eba548a0f252b35cee5c65f>@@;.?AV<lambda_fab132c1bebb1d7af0bcb2d19551de15>@@;.?AV<lambda_eb0d61bf74f176a01bfa7d31a2d8596b>@@,0x14011053f;0x140110594;0x1401105e9;0x1401103eb;0x140110440;0x140110495;0x1401104ea;0x140110297,18
17,17,8,9,0x1400f0ce1,0x1400f0770,0x140b66998;0x140b669c8;0x140b66a28;0x140b66a58;0x140b66a88;0x140b66ab8;0x140b66ae8;0x140b66b18,.?AV<lambda_80d2a0b7d658d6be0240f8c60713165d>@@;.?AV<lambda_651671b79f07c1e2d9525dd02d930ae3>@@;.?AV<lambda_a65d3c212daa41f9f6a4e5800f8720b3>@@;.?AV<lambda_4c247e50769dcbd9d295277c624e1b75>@@;.?AV<lambda_9ce47a24b198482106a7c81b590caab5>@@;.?AV<lambda_067d301f53d0e411e80241bff81d92bd>@@;.?AV<lambda_2d3c619de62184e370eb146da265c4c1>@@;.?AV<lambda_50519318a31a3cda7ada7b746e15b63e>@@,0x1400f0c1f;0x1400f0bca;0x1400f0c74;0x1400f0acb;0x1400f0a76;0x1400f0b75;0x1400f0b20;0x1400f0977,17
14,14,8,6,0x1400f16d5,0x1400f11f0,0x140b66518;0x140b66548;0x140b665a8;0x140b665d8;0x140b66608;0x140b66638;0x140b66668;0x140b66698,.?AV<lambda_ce79d85c472b1e8c68e97b4f62fbcb20>@@;.?AV<lambda_b3bce01551153b410de6c729da8a8993>@@;.?AV<lambda_99babf59b3e1316fd572d8804c08e9eb>@@;.?AV<lambda_17f462ca6454820c8093e35c8af3178e>@@;.?AV<lambda_2f797feae9910f8fcb05e133e3ea6e8a>@@;.?AV<lambda_c7c0faa37b8c27733a983b7281db1c47>@@;.?AV<lambda_4c57f9a82d6bea91f2d58b64d1a099ee>@@;.?AV<lambda_a2275481349a84a6e7178e7c5d01161c>@@,0x1400f1613;0x1400f15be;0x1400f1668;0x1400f14bf;0x1400f146a;0x1400f1569;0x1400f1514;0x1400f138f,14
13,13,8,5,0x1402511f2,0x1402508f0,0x140b74b30;0x140b74b60;0x140b74b90;0x140b74bc0;0x140b74bf0;0x140b74c20;0x140b74c50;0x140b74c80,.?AV<lambda_d94b7e005720183aedcda7f801a9b497>@@;.?AV<lambda_8ed11555a80e76666eb8f9a95b18ebab>@@;.?AV<lambda_cf225f7a4d648cc3840e2e1bdd770211>@@;.?AV<lambda_bcfd31c63059073a02906477903fc968>@@;.?AV<lambda_6fa6d7761ef7e5ed70231f7927ef81da>@@;.?AV<lambda_f407aeff8571aa276dec94c1abe7183f>@@;.?AV<lambda_ed1688d8947b65a44f9ef0646967411d>@@;.?AV<lambda_d9e95f58faee3a4d2082e25dddbeea82>@@,0x14025105a;0x140251005;0x140250f54;0x140250eff;0x140251104;0x1402510af;0x140250d56;0x140250d16,13
12,12,8,4,0x1400fe428,0x1400fe060,0x140b65318;0x140b65348;0x140b653d8;0x140b65408;0x140b65438;0x140b65468;0x140b65498;0x140b654c8,.?AV<lambda_def1267999ee5f8327c4cf14005a50e9>@@;.?AV<lambda_a459100b3f3dc5285f9947111573597a>@@;.?AV<lambda_236e9dff33d94d29f725d04ddb10ba7f>@@;.?AV<lambda_574423bfc174782efecb4ad5141c2ec0>@@;.?AV<lambda_64d8d6e076193794e79a039ffac85b69>@@;.?AV<lambda_e4047b3472ed94f1ac1d23acf25cab3d>@@;.?AV<lambda_db172d7411090c6f53b2f97a15da6f79>@@;.?AV<lambda_d0156e76bc2b7929d1f017720647bc2f>@@,0x1400fe3bb;0x1400fe366;0x1400fe267;0x1400fe212;0x1400fe311;0x1400fe2bc;0x1400fe14c;0x1400fe10c,12
12,12,8,4,0x1400ff588,0x1400ff1c0,0x140b65018;0x140b65048;0x140b65078;0x140b650a8;0x140b650d8;0x140b65108;0x140b65138;0x140b65168,.?AV<lambda_b069948535fc221e9c86aaa3839a548d>@@;.?AV<lambda_92ac111fd1e2701b40034fe1ccf87896>@@;.?AV<lambda_76f57d48fae3beae467345c0a89e29c9>@@;.?AV<lambda_96a110641b5b532b55d5dba0b51c25a6>@@;.?AV<lambda_0dcee1daf1949d821cdbd4483d19a13d>@@;.?AV<lambda_5eacec3ca93c51c6f9fb572af45cde39>@@;.?AV<lambda_d104e71e0c74dc6b785bf4b1c43be58c>@@;.?AV<lambda_54c5ca430296b68d5a2cef1eb4befa78>@@,0x1400ff471;0x1400ff41c;0x1400ff51b;0x1400ff4c6;0x1400ff32c;0x1400ff2ec;0x1400ff3c7;0x1400ff372,12
12,12,8,4,0x14010f728,0x14010f360,0x140b683e8;0x140b684a8;0x140b684d8;0x140b68508;0x140b68538;0x140b68568;0x140b68598;0x140b685c8,.?AV<lambda_cf8f32504b424de265b70991de3450bb>@@;.?AV<lambda_d2b812ca88769e56a2c260e22c25b1fb>@@;.?AV<lambda_d1167a3a7f023054e99affe0dc8ca429>@@;.?AV<lambda_cf69a5b8da62777e557a530b229f65e5>@@;.?AV<lambda_8c351662e6db95e327ff67b9fe10640a>@@;.?AV<lambda_5a8d707e660b20a08b5b4b997f6315f8>@@;.?AV<lambda_b57f07f03327f0cce7c408d9402c6bf1>@@;.?AV<lambda_41e13559ca2566a4c16a9451984174ab>@@,0x14010f6bb;0x14010f567;0x14010f5bc;0x14010f611;0x14010f666;0x14010f44c;0x14010f48c;0x14010f4cc,12
11,11,8,3,0x1400f68b3,0x1400f6540,0x140b66218;0x140b66248;0x140b662a8;0x140b662d8;0x140b66308;0x140b66338;0x140b66368;0x140b66398,.?AV<lambda_3acfa9e5064055bded5febdf64f72361>@@;.?AV<lambda_91bd1ae1be9e9fba8e9495aa7206dd1b>@@;.?AV<lambda_a7144138a29fd149e44944c979f130d7>@@;.?AV<lambda_2df21a19e3ed8165913fc7896834bddf>@@;.?AV<lambda_5521ef10a0ec47ffa00f88fe12211cb3>@@;.?AV<lambda_d31500c0b62e327e7aa52d50b07462e1>@@;.?AV<lambda_bd5f6f6a21105a4f21971a67433f0fef>@@;.?AV<lambda_c6f0cb9e235804c7c3f59c405fd3495d>@@,0x1400f67f1;0x1400f679c;0x1400f6846;0x1400f66ac;0x1400f666c;0x1400f6747;0x1400f66f2;0x1400f65a7,11
10,10,8,2,0x1400f11ee,0x1400f0ed0,0x140b66788;0x140b66818;0x140b66848;0x140b66878;0x140b668a8;0x140b668d8;0x140b66908;0x140b66938,.?AV<lambda_cd044810dcd4a68b49a9b228c31c29a5>@@;.?AV<lambda_9e58766a0b4d72f7a8837958a752c06b>@@;.?AV<lambda_956562e2203a06ed174e6fac8a4fb76b>@@;.?AV<lambda_3226eed5e274ca4fc49f7acb05fa8b70>@@;.?AV<lambda_43e698a8a360c213c02adef0e546eda7>@@;.?AV<lambda_5afc93939ddc5f275c0e58a0caac93dd>@@;.?AV<lambda_ebcb2d5ea6537f3a817443201c592014>@@,0x1400f1181;0x1400f1082;0x1400f103c;0x1400f112c;0x1400f10d7;0x1400f0f7c;0x1400f0f37;0x1400f0ffc,10
9,9,8,1,0x140027efe,0x1400274b0,0x140b5d530;0x140b5d560;0x140b5d590;0x140b5d5f0;0x140b5d620;0x140b5d680;0x140b5d6b0;0x140b5d770,.?AV<lambda_cae5a61e013e01a4fcd2858d55aee50c>@@;.?AV<lambda_df9565cce1e3ca91bfff113e4edd020e>@@;.?AV<lambda_ffd1fe9ded3c36f612360d341ff0e527>@@;.?AV<lambda_cea2a97bca539c414ca964405e501479>@@;.?AV<lambda_5ec72c416016fd15cb2465b7e29652d9>@@;.?AV<lambda_7d9a157435c19e945ca590ef9dd12f5d>@@;.?AV<lambda_039baccf84e9aea367f3ce42b2aa979d>@@;.?AV<lambda_551dfc870778bcf1f1cbf8dc9102ac70>@@,0x140027e32;0x140027d32;0x140027c12;0x140027ac0;0x1400279b5;0x1400278a9;0x14002779e;0x14002762b,9
9,9,8,1,0x1400ef199,0x1400eeed0,0x140b66c98;0x140b66cc8;0x140b66d58;0x140b66d88;0x140b66db8;0x140b66de8;0x140b66e18;0x140b66e78,.?AV<lambda_2a67adadf7133932443181b085b574b0>@@;.?AV<lambda_40f5ecd4b4c0a542ac1f960d2eaaec75>@@;.?AV<lambda_c3de97c7b281423a67ba9b7544e9307b>@@;.?AV<lambda_8d2686c9d1af459ac0bd64d3f05e6673>@@;.?AV<lambda_0afdda5cbc9042362c5b9624b6265c29>@@;.?AV<lambda_0aa3b3c4930d1b0e12ff01f311ad9be9>@@;.?AV<lambda_f82994f24feea160ba7a828e603f72b8>@@;.?AV<lambda_cd5ccb9de16a7bd0b70f1a7ab5ee42ca>@@,0x1400ef12c;0x1400ef0d7;0x1400eeffc;0x1400eefbc;0x1400ef082;0x1400ef03c;0x1400eeeea;0x1400eef7c,9
8,8,8,0,0x1400f8454,0x1400f81e0,0x140b66008;0x140b66098;0x140b660c8;0x140b660f8;0x140b66128;0x140b66158;0x140b661b8;0x140b661e8,.?AV<lambda_9d8a902de4faf5e5e8634f3adf41225f>@@;.?AV<lambda_a372b7d8523e8409957fb32e4a4464ef>@@;.?AV<lambda_662f7c363abf1de03254580b808e99d8>@@;.?AV<lambda_f1d65cbe2aef7d6870bbf60d4ed22d29>@@;.?AV<lambda_c6b4712bbeb2bd0b64294bf40bf9bedc>@@;.?AV<lambda_eacdd42133c8b3279ced143186c3cbab>@@;.?AV<lambda_fc78cea6ffe5f885f8f419356cbc0f60>@@;.?AV<lambda_2ddf42146231ba5fc89d3f102b963e2f>@@,0x1400f83e7;0x1400f830c;0x1400f82cc;0x1400f8392;0x1400f834c;0x1400f81fa;0x1400f828c;0x1400f8247,8
7,7,7,0,0x1400fddad,0x1400fdb40,0x140b65558;0x140b65588;0x140b65618;0x140b65648;0x140b65678;0x140b656a8;0x140b65738,.?AV<lambda_4037a9441792d251d23f80b6c615e37c>@@;.?AV<lambda_1fe028bf0888b92e11c6648d169e6ffe>@@;.?AV<lambda_06599e935b84b09b1c8510c35defe68c>@@;.?AV<lambda_87739a454f82b888e5b50937e41307cd>@@;.?AV<lambda_3e13483d2b6917c9085a74d7cad1d214>@@;.?AV<lambda_f36edae14055cc9863a4735acf61c1c2>@@;.?AV<lambda_7b66d9e975a0ccf22a4225ef1e37d1b9>@@,0x1400fdd40;0x1400fdcfa;0x1400fdc3a;0x1400fdbf5;0x1400fdcba;0x1400fdc7a;0x1400fdbae,7
6,6,6,0,0x140169346,0x140169120,0x140b69c78;0x140b69ca8;0x140b69cd8;0x140b69d08;0x140b69d38;0x140b69d68,.?AV<lambda_d0a1b9c921eaffb275e038768cfcbd35>@@;.?AV<lambda_8fce9382c7ddea54ce82b7264630900b>@@;.?AV<lambda_ad1fbd66329ea078fd688874d02880a2>@@;.?AV<lambda_1ba7efc2f5cb33eef8c0da04e7472191>@@;.?AV<lambda_f0ed1c6c1c762a52c5d842af54c73cd5>@@;.?AV<lambda_356b33d901ac691b61640152617e2431>@@,0x1401692e8;0x140169187;0x1401691cc;0x14016920c;0x14016924c;0x14016913a,6
5,5,5,0,0x1403d2079,0x1403d1b00,0x140b839f8;0x140b83a28;0x140b83a58;0x140b83a88;0x140b83b48,.?AV<lambda_2f628d87336c8d75d98607dcdbaab56b>@@;.?AV<lambda_69cc49cb124e1389e4e9b188555fe761>@@;.?AV<lambda_9fc8f0575f3d50ae3d04cb74d6abc664>@@;.?AV<lambda_0f3425fda1e871a76e4a9713099becd7>@@;.?AV<lambda_53f84f907731b80ba40debcf1b0a6b50>@@,0x1403d1f96;0x1403d1f56;0x1403d1f11;0x1403d1ecf;0x1403d1fd6,5
4,4,4,0,0x1403e3589,0x1403e3210,0x140b856a8;0x140b857f8;0x140b85858;0x140b858b8,.?AV<lambda_0dae5af4e946eaf3c62651f975d6113f>@@;.?AV<lambda_c88f568aef7588745baf8258ef0c0360>@@;.?AV<lambda_77327768e1a82faf8e2e10315cfda640>@@;.?AV<lambda_c2b87eb211ebf426797e146d2d1bfd39>@@,0x1403e3506;0x1403e3430;0x1403e3375;0x1403e32be,4
4,4,4,0,0x14059f0e5,0x14059e45b,0x140b991a8;0x140b991d8;0x140b99208;0x140b99268,.?AV<lambda_3af932e05ff537adcdfb46ae927ebfe3>@@;.?AV<lambda_0be85a51ad7e3853fb7d520fd6f677a5>@@;.?AV<lambda_81c141eb63bd94c261003b8721d82ea4>@@;.?AV<lambda_cb4892f7233ccee32044ffcc82d806a4>@@,0x14059ecb3;0x14059ecdf;0x14059ef5c;0x14059ebe4,4
3,3,3,0,0x140024b41,0x140024640,0x140b5d8d8;0x140b5d908;0x140b5d938,.?AV<lambda_c8b708cbb15486811bd35b4ed7f18ae6>@@;.?AV<lambda_542a6983eea496f1db574cfb8817790f>@@;.?AV<lambda_1dfd4f1db1afc81b97701dcd1dd0325d>@@,0x140024b02;0x140024aef;0x140024ad5,3
3,3,3,0,0x140036977,0x140035c79,0x140b5e430;0x140b5e460;0x140b5e490,.?AV<lambda_0dfaa31fbdd3ecc33c767cd4f93ae4d9>@@;.?AV<lambda_d258702d33d7085641dc9bdcb3772ac6>@@;.?AV<lambda_52ca5f99f73134d3f8316c258e62a77c>@@,0x140036579;0x140035f89;0x1400361b8,3
3,3,3,0,0x1400ccffc,0x1400cca20,0x140b61b60;0x140b61b90;0x140b69f60,.?AV<lambda_d6cd928b452babef5283fd668701e83e>@@;.?AV<lambda_c74a2b388c4e6a40ad75a9ef6cef1f83>@@;.?AV<lambda_1c0912e66ea3e9e060a1ff385426fd24>@@,0x1400cce80;0x1400cce40;0x1400ccd53,3
3,3,3,0,0x140193215,0x140192fb0,0x140b6c508;0x140b6c538;0x140b6c568,.?AV<lambda_ba1c4b3b2e23b3ac22e103959798edc5>@@;.?AV<lambda_0e409a18aef4d64319fb6cbef2feed6c>@@;.?AV<lambda_fbbe8d13580bf9b04ef0ecc8b2894cd8>@@,0x1401930e6;0x1401930a9;0x140193078,3
3,3,3,0,0x140205a56,0x140205130,0x140b72600;0x140b726c0;0x140b72738,.?AV<lambda_edecfbce6b857c350a3a88f55d7ecac5>@@;.?AV<lambda_617d3f5e20af07bac49dd385ea40e783>@@;.?AV<lambda_fff8dff9fae9a588d36a058f6634cf9a>@@,0x14020569b;0x1402054eb;0x1402055bf,3
3,3,3,0,0x1403e1db4,0x1403e1990,0x140b85738;0x140b85768;0x140b85798,.?AV<lambda_469e8be64149428fb14b02d975c384c8>@@;.?AV<lambda_2bace4471d57294b5d03fb0b81a6e4ff>@@;.?AV<lambda_f540d1a1dc88faeaaaef0aa98dd69651>@@,0x1403e1c6e;0x1403e1b56;0x1403e1a49,3
3,3,3,0,0x1403e209a,0x1403e1de0,0x140b856d8;0x140b85708;0x140b85918,.?AV<lambda_e6a21b76f73d66b527a0de0ed74ca82f>@@;.?AV<lambda_d895bab1b405e0aa3a61fb5f032f3f53>@@;.?AV<lambda_24dace9fb026e011cc43d2b2720babc0>@@,0x1403e1fd0;0x1403e1f80;0x1403e2020,3
2,2,2,0,0x14001f7a6,0x14001f560,0x140b5d800;0x140b5d860,.?AV<lambda_0a2816c38e7671698154519ba5fc28ea>@@;.?AV<lambda_331908113fba67fcf1a512112eeb727c>@@,0x14001f6c5;0x14001f5fe,2
2,2,2,0,0x1400c7159,0x1400c6fe0,0x140b61b00;0x140b61b30,.?AV<lambda_02923f10ad229da09aa7c8b2c627f52a>@@;.?AV<lambda_7cacdbe772abea0af87f470d557d5263>@@,0x1400c710a;0x1400c711f,2
2,2,2,0,0x1400cfd29,0x1400cfb60,0x140b69d98;0x140b69dc8,.?AV<lambda_f95eb019dd9640f78b755a94781cf2af>@@;.?AV<lambda_887d83fb027b218c28da826d60545bb7>@@,0x1400cfc2e;0x1400cfc79,2
2,2,2,0,0x14018e45c,0x14018e0a0,0x140b6c7d8;0x140b859d8,.?AV<lambda_01dc2407ca890b14dd82246dbcf2f505>@@;.?AV<lambda_2d406f6eb985f9859b29a694b5fee604>@@,0x14018e19f;0x14018e0ef,2
2,2,2,0,0x140192fa2,0x140191c70,0x140b8eb78;0x140b8eba8,.?AV<lambda_46c52314b867757bf64918f2cdf39c58>@@;.?AV<lambda_0880f3134cf693ee1a2bfeb5323173d2>@@,0x14019256e;0x140192544,2
2,2,2,0,0x140197bf6,0x140196f00,0x140b6c5f8;0x140b6c628,.?AV<lambda_0ad327d124645a43deeadc4a96687194>@@;.?AV<lambda_89e649e6af9d3a106e0b1475ad13859c>@@,0x140197a94;0x140196f92,2
2,2,2,0,0x1403b8d05,0x1403b84d6,0x140b83648;0x140b93c00,.?AV<lambda_c5e0bf75ebc28e5de6d68207272fd393>@@;.?AV<lambda_c81ec27cc3478bddf2d90d9fa7f6bf83>@@,0x1403b8ab2;0x1403b87a0,2
2,2,2,0,0x1404bd8f7,0x1404bd692,0x140b92698;0x140b92758,.?AV<lambda_b15266578784aeb52d6a21480cf39ff9>@@;.?AV<lambda_d83ebe70e91f4bcc7b64c52b807a32d2>@@,0x1404bd7db;0x1404bd83a,2
2,2,2,0,0x140679b64,0x140679a30,0x140ba0158;0x140ba0188,.?AV<lambda_968739312a78aeefd0bc6c62fb9ae0c2>@@;.?AV<lambda_d180b1bff533d24dd677bd52a701a7a2>@@,0x140679a49;0x140679a67,2
1,1,1,0,0x140021694,0x140020e60,0x140b5d968,.?AV<lambda_27e487ef86c394af6f790464311f0c50>@@,0x1400214da,1
1,1,1,0,0x140025003,0x140024c40,0x140b69fc0,.?AV<lambda_7e25bf54d1028287aacf057d297202b7>@@,0x140024d4e,1
1,1,1,0,0x14002c536,0x14002c360,0x140b5d7a0,.?AV<lambda_674fa7ffd0b61f89b491e1a051ea952c>@@,0x14002c3a5,1
1,1,1,0,0x14002c716,0x14002c540,0x140b5d740,.?AV<lambda_a3c0db7af6bd5392460f2a090cf4fb89>@@,0x14002c585,1
1,1,1,0,0x14002c8f6,0x14002c720,0x140b5d710,.?AV<lambda_952a79974f0ab22e28adb1be461f2189>@@,0x14002c765,1
1,1,1,0,0x14002cad6,0x14002c900,0x140b5d6e0,.?AV<lambda_e5b80308244ace1b59aa71f4997de2ea>@@,0x14002c945,1
1,1,1,0,0x14002ccb6,0x14002cae0,0x140b5d650,.?AV<lambda_6a5d5bc9cc818e52d5624b8dc8a4a920>@@,0x14002cb25,1
1,1,1,0,0x14002ce9a,0x14002ccc0,0x140b5d5c0,.?AV<lambda_741fee5e8effccbd85616b0383d04962>@@,0x14002cd05,1
1,1,1,0,0x140035c79,0x140035b3d,0x140b5e4c0,.?AV<lambda_fe5b1a208bb9bd7a25ca8d3e6b413cdf>@@,0x140035bc6,1
1,1,1,0,0x1400cecc4,0x1400cdb9e,0x140b69f90,.?AV<lambda_9acbfdfc6bc512808e70051fcea12544>@@,0x1400ce2ef,1
1,1,1,0,0x1400e6dc8,0x1400e6cc0,0x140b67808,.?AV<lambda_b9bfedbeb9b9e2ce42049b44caf2f952>@@,0x1400e6cc8,1
1,1,1,0,0x14011835b,0x140117860,0x140b80938,.?AV<lambda_9bd1de9057e519541869786341502650>@@,0x140117df1,1
1,1,1,0,0x140118ef0,0x140118689,0x140b80998,.?AV<lambda_34e0a220845b10757b6d0954149c5aed>@@,0x140118a11,1
0,1,1,0,0x14017813a,0x1401780e0,0x140b6a2e0,.P6AAEBUScriptError@game@jag@@AEBV?$shared_ptr@VComponent@ui@jag@@@2@AEBV?$shared_ptr@VInterface@ui@jag@@@2@AEAVClient@2@AEAUScriptState@12@@Z,0x1401780e6,1
0,1,1,0,0x14017819a,0x140178140,0x140b6a2e0,.P6AAEBUScriptError@game@jag@@AEBV?$shared_ptr@VComponent@ui@jag@@@2@AEBV?$shared_ptr@VInterface@ui@jag@@@2@AEAVClient@2@AEAUScriptState@12@@Z,0x140178146,1
0,1,1,0,0x1401781fa,0x1401781a0,0x140b6a2e0,.P6AAEBUScriptError@game@jag@@AEBV?$shared_ptr@VComponent@ui@jag@@@2@AEBV?$shared_ptr@VInterface@ui@jag@@@2@AEAVClient@2@AEAUScriptState@12@@Z,0x1401781a6,1
0,1,1,0,0x14017825a,0x140178200,0x140b6a2e0,.P6AAEBUScriptError@game@jag@@AEBV?$shared_ptr@VComponent@ui@jag@@@2@AEBV?$shared_ptr@VInterface@ui@jag@@@2@AEAVClient@2@AEAUScriptState@12@@Z,0x140178206,1
0,1,1,0,0x1401782ba,0x140178260,0x140b6a2e0,.P6AAEBUScriptError@game@jag@@AEBV?$shared_ptr@VComponent@ui@jag@@@2@AEBV?$shared_ptr@VInterface@ui@jag@@@2@AEAVClient@2@AEAUScriptState@12@@Z,0x140178266,1
0,1,1,0,0x14017831a,0x1401782c0,0x140b6a2e0,.P6AAEBUScriptError@game@jag@@AEBV?$shared_ptr@VComponent@ui@jag@@@2@AEBV?$shared_ptr@VInterface@ui@jag@@@2@AEAVClient@2@AEAUScriptState@12@@Z,0x1401782c6,1
0,1,1,0,0x14017837a,0x140178320,0x140b6a2e0,.P6AAEBUScriptError@game@jag@@AEBV?$shared_ptr@VComponent@ui@jag@@@2@AEBV?$shared_ptr@VInterface@ui@jag@@@2@AEAVClient@2@AEAUScriptState@12@@Z,0x140178326,1
0,1,1,0,0x1401783da,0x140178380,0x140b6a2e0,.P6AAEBUScriptError@game@jag@@AEBV?$shared_ptr@VComponent@ui@jag@@@2@AEBV?$shared_ptr@VInterface@ui@jag@@@2@AEAVClient@2@AEAUScriptState@12@@Z,0x140178386,1
0,1,1,0,0x14017843a,0x1401783e0,0x140b6a2e0,.P6AAEBUScriptError@game@jag@@AEBV?$shared_ptr@VComponent@ui@jag@@@2@AEBV?$shared_ptr@VInterface@ui@jag@@@2@AEAVClient@2@AEAUScriptState@12@@Z,0x1401783e6,1
0,1,1,0,0x14017849a,0x140178440,0x140b6a2e0,.P6AAEBUScriptError@game@jag@@AEBV?$shared_ptr@VComponent@ui@jag@@@2@AEBV?$shared_ptr@VInterface@ui@jag@@@2@AEAVClient@2@AEAUScriptState@12@@Z,0x140178446,1
0,1,1,0,0x1401784fa,0x1401784a0,0x140b6a2e0,.P6AAEBUScriptError@game@jag@@AEBV?$shared_ptr@VComponent@ui@jag@@@2@AEBV?$shared_ptr@VInterface@ui@jag@@@2@AEAVClient@2@AEAUScriptState@12@@Z,0x1401784a6,1
0,1,1,0,0x14017855a,0x140178500,0x140b6a2e0,.P6AAEBUScriptError@game@jag@@AEBV?$shared_ptr@VComponent@ui@jag@@@2@AEBV?$shared_ptr@VInterface@ui@jag@@@2@AEAVClient@2@AEAUScriptState@12@@Z,0x140178506,1
1,1,1,0,0x1401885c6,0x140188510,0x140b6c748,.?AV<lambda_e1693456ed8599dfea9a8799d9ead673>@@,0x140188526,1
1,1,1,0,0x1401a9a48,0x1401a9790,0x140b6c6b8,.?AV<lambda_6d2c057af7dd162816dec3c562fef186>@@,0x1401a995c,1
0,1,1,0,0x1401f118a,0x1401f1130,0x140b72210,.P6AAEBUScriptError@game@jag@@AEBV?$shared_ptr@VComponent@ui@jag@@@2@PEAUHookProperties@12@AEAVClient@2@AEAUScriptState@12@@Z,0x1401f1136,1
0,1,1,0,0x1401f11ea,0x1401f1190,0x140b72210,.P6AAEBUScriptError@game@jag@@AEBV?$shared_ptr@VComponent@ui@jag@@@2@PEAUHookProperties@12@AEAVClient@2@AEAUScriptState@12@@Z,0x1401f1196,1
0,1,1,0,0x1401f124a,0x1401f11f0,0x140b72210,.P6AAEBUScriptError@game@jag@@AEBV?$shared_ptr@VComponent@ui@jag@@@2@PEAUHookProperties@12@AEAVClient@2@AEAUScriptState@12@@Z,0x1401f11f6,1
0,1,1,0,0x1401f12aa,0x1401f1250,0x140b72210,.P6AAEBUScriptError@game@jag@@AEBV?$shared_ptr@VComponent@ui@jag@@@2@PEAUHookProperties@12@AEAVClient@2@AEAUScriptState@12@@Z,0x1401f1256,1
0,1,1,0,0x1401f130a,0x1401f12b0,0x140b72210,.P6AAEBUScriptError@game@jag@@AEBV?$shared_ptr@VComponent@ui@jag@@@2@PEAUHookProperties@12@AEAVClient@2@AEAUScriptState@12@@Z,0x1401f12b6,1
0,1,1,0,0x1401f136a,0x1401f1310,0x140b72210,.P6AAEBUScriptError@game@jag@@AEBV?$shared_ptr@VComponent@ui@jag@@@2@PEAUHookProperties@12@AEAVClient@2@AEAUScriptState@12@@Z,0x1401f1316,1
0,1,1,0,0x1401f13ca,0x1401f1370,0x140b72210,.P6AAEBUScriptError@game@jag@@AEBV?$shared_ptr@VComponent@ui@jag@@@2@PEAUHookProperties@12@AEAVClient@2@AEAUScriptState@12@@Z,0x1401f1376,1
0,1,1,0,0x1401f142a,0x1401f13d0,0x140b72210,.P6AAEBUScriptError@game@jag@@AEBV?$shared_ptr@VComponent@ui@jag@@@2@PEAUHookProperties@12@AEAVClient@2@AEAUScriptState@12@@Z,0x1401f13d6,1
0,1,1,0,0x1401f148a,0x1401f1430,0x140b72210,.P6AAEBUScriptError@game@jag@@AEBV?$shared_ptr@VComponent@ui@jag@@@2@PEAUHookProperties@12@AEAVClient@2@AEAUScriptState@12@@Z,0x1401f1436,1
0,1,1,0,0x1401f14ea,0x1401f1490,0x140b72210,.P6AAEBUScriptError@game@jag@@AEBV?$shared_ptr@VComponent@ui@jag@@@2@PEAUHookProperties@12@AEAVClient@2@AEAUScriptState@12@@Z,0x1401f1496,1
0,1,1,0,0x1401f154a,0x1401f14f0,0x140b72210,.P6AAEBUScriptError@game@jag@@AEBV?$shared_ptr@VComponent@ui@jag@@@2@PEAUHookProperties@12@AEAVClient@2@AEAUScriptState@12@@Z,0x1401f14f6,1
0,1,1,0,0x1401f15aa,0x1401f1550,0x140b72210,.P6AAEBUScriptError@game@jag@@AEBV?$shared_ptr@VComponent@ui@jag@@@2@PEAUHookProperties@12@AEAVClient@2@AEAUScriptState@12@@Z,0x1401f1556,1
1,1,1,0,0x1401f9c68,0x1401f9bc0,0x140b67868,.?AV<lambda_45b90754ea012d0c74368cb0e2e8c2db>@@,0x1401f9c52,1
1,1,1,0,0x14028f3de,0x14028f150,0x140b7b948,.?AV<lambda_9feb37d79c5e0fa4e0224d61d445e944>@@,0x14028f37c,1
1,1,1,0,0x1403cfd5b,0x1403cfcb0,0x140b83908,.?AV<lambda_d50de9f5fc89ef784b0153bee527a9a1>@@,0x1403cfcb6,1
1,1,1,0,0x1403d361b,0x1403d3280,0x140b83b18,.P6AXPEAVSoundInstance@audio@jag@@@Z,0x1403d35bd,1
1,1,1,0,0x1403d4a2e,0x1403d40e3,0x140b83bf0,.?AV<lambda_e728e559442b15763d7f8693d6bc690f>@@,0x1403d47c5,1
1,1,1,0,0x1403d8f39,0x1403d85c0,0x140b83b90,.?AV<lambda_3e3779b1b56a89795616ddc33daf37e5>@@,0x1403d8de2,1
1,1,1,0,0x1403f84c0,0x1403f830e,0x140b864d8,.?AV<lambda_b3415a4462f7272524c66f43ff448b71>@@,0x1403f830e,1
1,1,1,0,0x14041de19,0x14041dd63,0x140b863e8,.?AV<lambda_254b3c1ac0c2a29e36bd6e852c6182bf>@@,0x14041dddf,1
1,1,1,0,0x14041de75,0x14041de19,0x140b863b8,.?AV<lambda_4a8e15051ebfb52286544ac64d0ea744>@@,0x14041de34,1
1,1,1,0,0x14041e0e9,0x14041e033,0x140b86388,.?AV<lambda_007f6fafbac07e51e295954693c3b00b>@@,0x14041e0af,1
1,1,1,0,0x14041e145,0x14041e0e9,0x140b86358,.?AV<lambda_db86aa8226074ca112d2079e8357ad55>@@,0x14041e104,1
1,1,1,0,0x14041e3b9,0x14041e303,0x140b86328,.?AV<lambda_044a26ab1b0bdb3483b3a6c2bf5b2d66>@@,0x14041e37f,1
1,1,1,0,0x14041e415,0x14041e3b9,0x140b862f8,.?AV<lambda_88cd8a2f53e5f34c8597954904c37a75>@@,0x14041e3d4,1
1,1,1,0,0x140565f4d,0x140565e00,0x140b949e8,.?AV<lambda_1d15029b31dd0d6091f08bbd4ede2aec>@@,0x140565ee9,1
1,1,1,0,0x140566582,0x1405663fa,0x140b94a18,.?AV<lambda_c8240cd1ecbc632b7e6290a50b263edd>@@,0x140566491,1
1,1,1,0,0x14058f508,0x14058f122,0x140b99238,.?AV<lambda_af9126a867478998eb278aa185744fbb>@@,0x14058f245,1
1,1,1,0,0x14067a3b4,0x140679d20,0x140ba01b8,.?AV<lambda_7d4b82561c77c8b7c468226af580227e>@@,0x140679ed5,1
1,1,1,0,0x14070469d,0x14070454b,0x140ba4818,.?AV<lambda_6df2ce24140aa41ab41b6fcd98cb1499>@@,0x1407045b6,1
1,1,1,0,0x140726843,0x1407265c0,0x140ba73d8,.?AV<lambda_adcf947ad5d43ee3e869e01541f00eef>@@,0x140726793,1
1,1,1,0,0x14075471a,0x1407544f0,0x140ba8da0,.?AV<lambda_93d10b390faf03a1408d173555de750b>@@,0x140754668,1
1,1,1,0,0x14075bfe3,0x14075bbf0,0x140ba9320,.?AV<lambda_284e81b503b2adee33926bac20691593>@@,0x14075bf6f,1
1,1,1,0,0x14075c7ea,0x14075c440,0x140ba9350,.?AV<lambda_6f8e33ebf91f86107ed16a17b682d259>@@,0x14075c727,1
1,1,1,0,0x14079bf4e,0x14079bd20,0x140bab408,.P6AXAEAV?$fixed_string@D$0EA@$00Vallocator@eastl@@@eastl@@@Z,0x14079bda3,1
